simulator,experiment_folder,model,workload,stage_index,metric_name,predicted,actual,mape,mpe,absolute_error,exp_id,hardware,dp,cpu_offload,gpu_mem_util,precision,tp,max_num_batched_tokens
llmservingsim,/Users/dipanwitaguhathakurta/Downloads/inference-sim-package/sim-to-real-accuracy-validation/vllm_data/ground_truth/2-codellama-34b-tp2-codegen,codellama/CodeLlama-34b-Instruct-hf,codegen,-1,e2e_mean,3330.7881115643568,3993.176456205547,16.5880058621455,-16.5880058621455,662.3883446411901,2.0,H100,,True,0.9,FP16,2.0,2048.0
llmservingsim,/Users/dipanwitaguhathakurta/Downloads/inference-sim-package/sim-to-real-accuracy-validation/vllm_data/ground_truth/2-codellama-34b-tp2-codegen,codellama/CodeLlama-34b-Instruct-hf,codegen,-1,e2e_p90,3364.991594,4134.60514806211,18.613955299282395,-18.613955299282395,769.6135540621099,2.0,H100,,True,0.9,FP16,2.0,2048.0
llmservingsim,/Users/dipanwitaguhathakurta/Downloads/inference-sim-package/sim-to-real-accuracy-validation/vllm_data/ground_truth/2-codellama-34b-tp2-codegen,codellama/CodeLlama-34b-Instruct-hf,codegen,-1,e2e_p99,3397.370333,4368.718736954034,22.23417121678288,-22.23417121678288,971.3484039540344,2.0,H100,,True,0.9,FP16,2.0,2048.0
llmservingsim,/Users/dipanwitaguhathakurta/Downloads/inference-sim-package/sim-to-real-accuracy-validation/vllm_data/ground_truth/2-codellama-34b-tp2-codegen,codellama/CodeLlama-34b-Instruct-hf,codegen,-1,ttft_mean,20.4053516039604,71.88389630056918,71.61345912770336,-71.61345912770336,51.47854469660878,2.0,H100,,True,0.9,FP16,2.0,2048.0
llmservingsim,/Users/dipanwitaguhathakurta/Downloads/inference-sim-package/sim-to-real-accuracy-validation/vllm_data/ground_truth/2-codellama-34b-tp2-codegen,codellama/CodeLlama-34b-Instruct-hf,codegen,-1,ttft_p90,25.92925,84.58330603316428,69.34471916972198,-69.34471916972198,58.65405603316428,2.0,H100,,True,0.9,FP16,2.0,2048.0
llmservingsim,/Users/dipanwitaguhathakurta/Downloads/inference-sim-package/sim-to-real-accuracy-validation/vllm_data/ground_truth/2-codellama-34b-tp2-codegen,codellama/CodeLlama-34b-Instruct-hf,codegen,-1,ttft_p99,35.643088,237.02375442720975,84.96222959334398,-84.96222959334398,201.38066642720975,2.0,H100,,True,0.9,FP16,2.0,2048.0
llmservingsim,/Users/dipanwitaguhathakurta/Downloads/inference-sim-package/sim-to-real-accuracy-validation/vllm_data/ground_truth/2-codellama-34b-tp2-codegen,codellama/CodeLlama-34b-Instruct-hf,codegen,-1,itl_mean,13.313852544554454,15.770895657263138,15.579604139839171,-15.579604139839171,2.457043112708684,2.0,H100,,True,0.9,FP16,2.0,2048.0
llmservingsim,/Users/dipanwitaguhathakurta/Downloads/inference-sim-package/sim-to-real-accuracy-validation/vllm_data/ground_truth/3-codellama-34b-tp2-roleplay,codellama/CodeLlama-34b-Instruct-hf,roleplay,-1,e2e_mean,3448.6703456,3907.055769190192,11.732246752269951,-11.732246752269951,458.3854235901922,3.0,H100,,True,0.9,FP16,2.0,2048.0
llmservingsim,/Users/dipanwitaguhathakurta/Downloads/inference-sim-package/sim-to-real-accuracy-validation/vllm_data/ground_truth/3-codellama-34b-tp2-roleplay,codellama/CodeLlama-34b-Instruct-hf,roleplay,-1,e2e_p90,3483.7338777,4423.463457170874,21.244203519924618,-21.244203519924618,939.729579470874,3.0,H100,,True,0.9,FP16,2.0,2048.0
llmservingsim,/Users/dipanwitaguhathakurta/Downloads/inference-sim-package/sim-to-real-accuracy-validation/vllm_data/ground_truth/3-codellama-34b-tp2-roleplay,codellama/CodeLlama-34b-Instruct-hf,roleplay,-1,e2e_p99,3527.33293777,4979.104937920347,29.157288674392092,-29.157288674392092,1451.772000150347,3.0,H100,,True,0.9,FP16,2.0,2048.0
llmservingsim,/Users/dipanwitaguhathakurta/Downloads/inference-sim-package/sim-to-real-accuracy-validation/vllm_data/ground_truth/3-codellama-34b-tp2-roleplay,codellama/CodeLlama-34b-Instruct-hf,roleplay,-1,ttft_mean,22.133298486666668,66.01992861367762,66.47482214623113,-66.47482214623113,43.88663012701095,3.0,H100,,True,0.9,FP16,2.0,2048.0
llmservingsim,/Users/dipanwitaguhathakurta/Downloads/inference-sim-package/sim-to-real-accuracy-validation/vllm_data/ground_truth/3-codellama-34b-tp2-roleplay,codellama/CodeLlama-34b-Instruct-hf,roleplay,-1,ttft_p90,29.688607,83.08492470532657,64.26715543728876,-64.26715543728876,53.39631770532657,3.0,H100,,True,0.9,FP16,2.0,2048.0
llmservingsim,/Users/dipanwitaguhathakurta/Downloads/inference-sim-package/sim-to-real-accuracy-validation/vllm_data/ground_truth/3-codellama-34b-tp2-roleplay,codellama/CodeLlama-34b-Instruct-hf,roleplay,-1,ttft_p99,38.56303454,335.5839633103443,88.50867778078617,-88.50867778078617,297.0209287703443,3.0,H100,,True,0.9,FP16,2.0,2048.0
llmservingsim,/Users/dipanwitaguhathakurta/Downloads/inference-sim-package/sim-to-real-accuracy-validation/vllm_data/ground_truth/3-codellama-34b-tp2-roleplay,codellama/CodeLlama-34b-Instruct-hf,roleplay,-1,itl_mean,13.565096613333331,15.20700705517017,10.797065036401175,-10.797065036401175,1.6419104418368384,3.0,H100,,True,0.9,FP16,2.0,2048.0
llmservingsim,/Users/dipanwitaguhathakurta/Downloads/inference-sim-package/sim-to-real-accuracy-validation/vllm_data/ground_truth/6-llama-2-70b-tp4-codegen,meta-llama/Llama-2-70b-hf,codegen,-1,e2e_mean,3659.799842257426,5362.631220770055,31.75365428667512,-31.75365428667512,1702.8313785126288,6.0,H100,,True,0.9,FP16,4.0,2048.0
llmservingsim,/Users/dipanwitaguhathakurta/Downloads/inference-sim-package/sim-to-real-accuracy-validation/vllm_data/ground_truth/6-llama-2-70b-tp4-codegen,meta-llama/Llama-2-70b-hf,codegen,-1,e2e_p90,3722.631261,5654.880481098735,34.16958548562112,-34.16958548562112,1932.249220098735,6.0,H100,,True,0.9,FP16,4.0,2048.0
llmservingsim,/Users/dipanwitaguhathakurta/Downloads/inference-sim-package/sim-to-real-accuracy-validation/vllm_data/ground_truth/6-llama-2-70b-tp4-codegen,meta-llama/Llama-2-70b-hf,codegen,-1,e2e_p99,3769.51215,6118.576362431195,38.39233300829153,-38.39233300829153,2349.064212431195,6.0,H100,,True,0.9,FP16,4.0,2048.0
llmservingsim,/Users/dipanwitaguhathakurta/Downloads/inference-sim-package/sim-to-real-accuracy-validation/vllm_data/ground_truth/6-llama-2-70b-tp4-codegen,meta-llama/Llama-2-70b-hf,codegen,-1,ttft_mean,22.7098673960396,123.49757249019603,81.61108195236595,-81.61108195236595,100.78770509415644,6.0,H100,,True,0.9,FP16,4.0,2048.0
llmservingsim,/Users/dipanwitaguhathakurta/Downloads/inference-sim-package/sim-to-real-accuracy-validation/vllm_data/ground_truth/6-llama-2-70b-tp4-codegen,meta-llama/Llama-2-70b-hf,codegen,-1,ttft_p90,28.502625,182.7359762006384,84.40229144111994,-84.40229144111994,154.23335120063842,6.0,H100,,True,0.9,FP16,4.0,2048.0
llmservingsim,/Users/dipanwitaguhathakurta/Downloads/inference-sim-package/sim-to-real-accuracy-validation/vllm_data/ground_truth/6-llama-2-70b-tp4-codegen,meta-llama/Llama-2-70b-hf,codegen,-1,ttft_p99,35.146738,582.4271885900095,93.96547093121008,-93.96547093121008,547.2804505900094,6.0,H100,,True,0.9,FP16,4.0,2048.0
llmservingsim,/Users/dipanwitaguhathakurta/Downloads/inference-sim-package/sim-to-real-accuracy-validation/vllm_data/ground_truth/6-llama-2-70b-tp4-codegen,meta-llama/Llama-2-70b-hf,codegen,-1,itl_mean,14.756156821782175,21.25314075028779,30.56952384045939,-30.56952384045939,6.496983928505616,6.0,H100,,True,0.9,FP16,4.0,2048.0
llmservingsim,/Users/dipanwitaguhathakurta/Downloads/inference-sim-package/sim-to-real-accuracy-validation/vllm_data/ground_truth/7-llama-2-70b-tp4-roleplay,meta-llama/Llama-2-70b-hf,roleplay,-1,e2e_mean,3789.351516566667,5105.162428529681,25.774124337547786,-25.774124337547786,1315.810911963014,7.0,H100,,True,0.9,FP16,4.0,2048.0
llmservingsim,/Users/dipanwitaguhathakurta/Downloads/inference-sim-package/sim-to-real-accuracy-validation/vllm_data/ground_truth/7-llama-2-70b-tp4-roleplay,meta-llama/Llama-2-70b-hf,roleplay,-1,e2e_p90,3834.0796337,6488.14816679369,40.90641065623623,-40.90641065623623,2654.0685330936894,7.0,H100,,True,0.9,FP16,4.0,2048.0
llmservingsim,/Users/dipanwitaguhathakurta/Downloads/inference-sim-package/sim-to-real-accuracy-validation/vllm_data/ground_truth/7-llama-2-70b-tp4-roleplay,meta-llama/Llama-2-70b-hf,roleplay,-1,e2e_p99,3842.85993961,6950.956623418822,44.71466090490589,-44.71466090490589,3108.0966838088225,7.0,H100,,True,0.9,FP16,4.0,2048.0
llmservingsim,/Users/dipanwitaguhathakurta/Downloads/inference-sim-package/sim-to-real-accuracy-validation/vllm_data/ground_truth/7-llama-2-70b-tp4-roleplay,meta-llama/Llama-2-70b-hf,roleplay,-1,ttft_mean,22.784753563333332,86.22380809957879,73.57486978884126,-73.57486978884126,63.43905453624546,7.0,H100,,True,0.9,FP16,4.0,2048.0
llmservingsim,/Users/dipanwitaguhathakurta/Downloads/inference-sim-package/sim-to-real-accuracy-validation/vllm_data/ground_truth/7-llama-2-70b-tp4-roleplay,meta-llama/Llama-2-70b-hf,roleplay,-1,ttft_p90,28.691114800000005,133.8620949005417,78.56666233909066,-78.56666233909066,105.1709801005417,7.0,H100,,True,0.9,FP16,4.0,2048.0
llmservingsim,/Users/dipanwitaguhathakurta/Downloads/inference-sim-package/sim-to-real-accuracy-validation/vllm_data/ground_truth/7-llama-2-70b-tp4-roleplay,meta-llama/Llama-2-70b-hf,roleplay,-1,ttft_p99,44.65464762,602.5696886900548,92.5892973944514,-92.5892973944514,557.9150410700548,7.0,H100,,True,0.9,FP16,4.0,2048.0
llmservingsim,/Users/dipanwitaguhathakurta/Downloads/inference-sim-package/sim-to-real-accuracy-validation/vllm_data/ground_truth/7-llama-2-70b-tp4-roleplay,meta-llama/Llama-2-70b-hf,roleplay,-1,itl_mean,15.097655343333331,20.500868412954713,26.3560204415879,-26.3560204415879,5.403213069621382,7.0,H100,,True,0.9,FP16,4.0,2048.0
llmservingsim,/Users/dipanwitaguhathakurta/Downloads/inference-sim-package/sim-to-real-accuracy-validation/vllm_data/ground_truth/9-mixtral-8x7b-tp2-general,mistralai/Mixtral-8x7B-v0.1,general,-1,e2e_mean,6328.063119127906,7792.809410204808,18.79612619755326,-18.79612619755326,1464.7462910769018,9.0,H100,1.0,True,0.9,FP16,2.0,2048.0
llmservingsim,/Users/dipanwitaguhathakurta/Downloads/inference-sim-package/sim-to-real-accuracy-validation/vllm_data/ground_truth/9-mixtral-8x7b-tp2-general,mistralai/Mixtral-8x7B-v0.1,general,-1,e2e_p90,6929.28405,10602.026016451418,34.64188788777104,-34.64188788777104,3672.741966451418,9.0,H100,1.0,True,0.9,FP16,2.0,2048.0
llmservingsim,/Users/dipanwitaguhathakurta/Downloads/inference-sim-package/sim-to-real-accuracy-validation/vllm_data/ground_truth/9-mixtral-8x7b-tp2-general,mistralai/Mixtral-8x7B-v0.1,general,-1,e2e_p99,7090.911369350001,11232.539456617087,36.871698543887625,-36.871698543887625,4141.628087267086,9.0,H100,1.0,True,0.9,FP16,2.0,2048.0
llmservingsim,/Users/dipanwitaguhathakurta/Downloads/inference-sim-package/sim-to-real-accuracy-validation/vllm_data/ground_truth/9-mixtral-8x7b-tp2-general,mistralai/Mixtral-8x7B-v0.1,general,-1,ttft_mean,40.371015906976744,492.1936709000621,91.79773770086248,-91.79773770086248,451.8226549930853,9.0,H100,1.0,True,0.9,FP16,2.0,2048.0
llmservingsim,/Users/dipanwitaguhathakurta/Downloads/inference-sim-package/sim-to-real-accuracy-validation/vllm_data/ground_truth/9-mixtral-8x7b-tp2-general,mistralai/Mixtral-8x7B-v0.1,general,-1,ttft_p90,56.0966035,974.3865262717007,94.24287980308569,-94.24287980308569,918.2899227717008,9.0,H100,1.0,True,0.9,FP16,2.0,2048.0
llmservingsim,/Users/dipanwitaguhathakurta/Downloads/inference-sim-package/sim-to-real-accuracy-validation/vllm_data/ground_truth/9-mixtral-8x7b-tp2-general,mistralai/Mixtral-8x7B-v0.1,general,-1,ttft_p99,68.98340440000005,1201.5505425632,94.25880127748586,-94.25880127748586,1132.5671381631998,9.0,H100,1.0,True,0.9,FP16,2.0,2048.0
llmservingsim,/Users/dipanwitaguhathakurta/Downloads/inference-sim-package/sim-to-real-accuracy-validation/vllm_data/ground_truth/9-mixtral-8x7b-tp2-general,mistralai/Mixtral-8x7B-v0.1,general,-1,itl_mean,26.239639325581397,31.3450360895341,16.28773611671598,-16.28773611671598,5.1053967639527045,9.0,H100,1.0,True,0.9,FP16,2.0,2048.0
llmservingsim,/Users/dipanwitaguhathakurta/Downloads/inference-sim-package/sim-to-real-accuracy-validation/vllm_data/ground_truth/10-mixtral-8x7b-tp2-codegen,mistralai/Mixtral-8x7B-v0.1,codegen,-1,e2e_mean,5990.812136079209,6718.456515389262,10.830528971100938,-10.830528971100938,727.6443793100525,10.0,H100,1.0,True,0.9,FP16,2.0,2048.0
llmservingsim,/Users/dipanwitaguhathakurta/Downloads/inference-sim-package/sim-to-real-accuracy-validation/vllm_data/ground_truth/10-mixtral-8x7b-tp2-codegen,mistralai/Mixtral-8x7B-v0.1,codegen,-1,e2e_p90,6335.785369,10405.621767502453,39.111900177006824,-39.111900177006824,4069.836398502453,10.0,H100,1.0,True,0.9,FP16,2.0,2048.0
llmservingsim,/Users/dipanwitaguhathakurta/Downloads/inference-sim-package/sim-to-real-accuracy-validation/vllm_data/ground_truth/10-mixtral-8x7b-tp2-codegen,mistralai/Mixtral-8x7B-v0.1,codegen,-1,e2e_p99,6499.444658,11275.456470149074,42.35759168414341,-42.35759168414341,4776.011812149074,10.0,H100,1.0,True,0.9,FP16,2.0,2048.0
llmservingsim,/Users/dipanwitaguhathakurta/Downloads/inference-sim-package/sim-to-real-accuracy-validation/vllm_data/ground_truth/10-mixtral-8x7b-tp2-codegen,mistralai/Mixtral-8x7B-v0.1,codegen,-1,ttft_mean,37.060156831683166,354.6860327300965,89.5512781976716,-89.5512781976716,317.6258758984133,10.0,H100,1.0,True,0.9,FP16,2.0,2048.0
llmservingsim,/Users/dipanwitaguhathakurta/Downloads/inference-sim-package/sim-to-real-accuracy-validation/vllm_data/ground_truth/10-mixtral-8x7b-tp2-codegen,mistralai/Mixtral-8x7B-v0.1,codegen,-1,ttft_p90,49.238197,1013.2291562986212,95.1404678108682,-95.1404678108682,963.9909592986212,10.0,H100,1.0,True,0.9,FP16,2.0,2048.0
llmservingsim,/Users/dipanwitaguhathakurta/Downloads/inference-sim-package/sim-to-real-accuracy-validation/vllm_data/ground_truth/10-mixtral-8x7b-tp2-codegen,mistralai/Mixtral-8x7B-v0.1,codegen,-1,ttft_p99,57.663545,1594.5895770203808,96.38380020595964,-96.38380020595964,1536.9260320203807,10.0,H100,1.0,True,0.9,FP16,2.0,2048.0
llmservingsim,/Users/dipanwitaguhathakurta/Downloads/inference-sim-package/sim-to-real-accuracy-validation/vllm_data/ground_truth/10-mixtral-8x7b-tp2-codegen,mistralai/Mixtral-8x7B-v0.1,codegen,-1,itl_mean,24.82725297029703,29.16183801332108,14.86389520799072,-14.86389520799072,4.334585043024049,10.0,H100,1.0,True,0.9,FP16,2.0,2048.0
llmservingsim,/Users/dipanwitaguhathakurta/Downloads/inference-sim-package/sim-to-real-accuracy-validation/vllm_data/ground_truth/11-mixtral-8x7b-tp2-roleplay,mistralai/Mixtral-8x7B-v0.1,roleplay,-1,e2e_mean,6396.624671453334,5386.460443250835,18.753766761031752,18.753766761031752,1010.1642282024986,11.0,H100,1.0,True,0.9,FP16,2.0,2048.0
llmservingsim,/Users/dipanwitaguhathakurta/Downloads/inference-sim-package/sim-to-real-accuracy-validation/vllm_data/ground_truth/11-mixtral-8x7b-tp2-roleplay,mistralai/Mixtral-8x7B-v0.1,roleplay,-1,e2e_p90,6593.8125331,7910.521196667109,16.64503047058226,-16.64503047058226,1316.7086635671085,11.0,H100,1.0,True,0.9,FP16,2.0,2048.0
llmservingsim,/Users/dipanwitaguhathakurta/Downloads/inference-sim-package/sim-to-real-accuracy-validation/vllm_data/ground_truth/11-mixtral-8x7b-tp2-roleplay,mistralai/Mixtral-8x7B-v0.1,roleplay,-1,e2e_p99,6665.512727519999,12097.34804496169,44.90104192467162,-44.90104192467162,5431.835317441692,11.0,H100,1.0,True,0.9,FP16,2.0,2048.0
llmservingsim,/Users/dipanwitaguhathakurta/Downloads/inference-sim-package/sim-to-real-accuracy-validation/vllm_data/ground_truth/11-mixtral-8x7b-tp2-roleplay,mistralai/Mixtral-8x7B-v0.1,roleplay,-1,ttft_mean,40.531653719999994,174.19650571110347,76.73222344240374,-76.73222344240374,133.6648519911035,11.0,H100,1.0,True,0.9,FP16,2.0,2048.0
llmservingsim,/Users/dipanwitaguhathakurta/Downloads/inference-sim-package/sim-to-real-accuracy-validation/vllm_data/ground_truth/11-mixtral-8x7b-tp2-roleplay,mistralai/Mixtral-8x7B-v0.1,roleplay,-1,ttft_p90,51.0944334,666.8397518806162,92.3378243039795,-92.3378243039795,615.7453184806162,11.0,H100,1.0,True,0.9,FP16,2.0,2048.0
llmservingsim,/Users/dipanwitaguhathakurta/Downloads/inference-sim-package/sim-to-real-accuracy-validation/vllm_data/ground_truth/11-mixtral-8x7b-tp2-roleplay,mistralai/Mixtral-8x7B-v0.1,roleplay,-1,ttft_p99,73.03681822999998,1354.7916325181714,94.60899990249828,-94.60899990249828,1281.7548142881717,11.0,H100,1.0,True,0.9,FP16,2.0,2048.0
llmservingsim,/Users/dipanwitaguhathakurta/Downloads/inference-sim-package/sim-to-real-accuracy-validation/vllm_data/ground_truth/11-mixtral-8x7b-tp2-roleplay,mistralai/Mixtral-8x7B-v0.1,roleplay,-1,itl_mean,25.69973325,22.46231909393572,14.412644315690027,14.412644315690027,3.237414156064282,11.0,H100,1.0,True,0.9,FP16,2.0,2048.0
llmservingsim,/Users/dipanwitaguhathakurta/Downloads/inference-sim-package/sim-to-real-accuracy-validation/vllm_data/ground_truth/13-qwen3-14b-tp1-general-1,Qwen/Qwen3-14B,general,-1,e2e_mean,2999.4084943604653,3909.0826132897896,23.270782659764883,-23.270782659764883,909.6741189293244,13.0,H100,,False,0.9,FP16,1.0,2048.0
llmservingsim,/Users/dipanwitaguhathakurta/Downloads/inference-sim-package/sim-to-real-accuracy-validation/vllm_data/ground_truth/13-qwen3-14b-tp1-general-1,Qwen/Qwen3-14B,general,-1,e2e_p90,3163.347391,4024.1970303468406,21.39183625590632,-21.39183625590632,860.8496393468408,13.0,H100,,False,0.9,FP16,1.0,2048.0
llmservingsim,/Users/dipanwitaguhathakurta/Downloads/inference-sim-package/sim-to-real-accuracy-validation/vllm_data/ground_truth/13-qwen3-14b-tp1-general-1,Qwen/Qwen3-14B,general,-1,e2e_p99,3309.0061498500004,4047.55271463655,18.246743572130768,-18.246743572130768,738.546564786549,13.0,H100,,False,0.9,FP16,1.0,2048.0
llmservingsim,/Users/dipanwitaguhathakurta/Downloads/inference-sim-package/sim-to-real-accuracy-validation/vllm_data/ground_truth/13-qwen3-14b-tp1-general-1,Qwen/Qwen3-14B,general,-1,ttft_mean,19.11586111627907,65.35440052014798,70.75046062064959,-70.75046062064959,46.238539403868906,13.0,H100,,False,0.9,FP16,1.0,2048.0
llmservingsim,/Users/dipanwitaguhathakurta/Downloads/inference-sim-package/sim-to-real-accuracy-validation/vllm_data/ground_truth/13-qwen3-14b-tp1-general-1,Qwen/Qwen3-14B,general,-1,ttft_p90,24.3283425,87.23302744328976,72.11108772326413,-72.11108772326413,62.90468494328975,13.0,H100,,False,0.9,FP16,1.0,2048.0
llmservingsim,/Users/dipanwitaguhathakurta/Downloads/inference-sim-package/sim-to-real-accuracy-validation/vllm_data/ground_truth/13-qwen3-14b-tp1-general-1,Qwen/Qwen3-14B,general,-1,ttft_p99,35.05103600000001,99.86765813082458,64.9025153327578,-64.9025153327578,64.81662213082457,13.0,H100,,False,0.9,FP16,1.0,2048.0
llmservingsim,/Users/dipanwitaguhathakurta/Downloads/inference-sim-package/sim-to-real-accuracy-validation/vllm_data/ground_truth/13-qwen3-14b-tp1-general-1,Qwen/Qwen3-14B,general,-1,itl_mean,12.157794325581396,15.775903314882571,22.934401391062956,-22.934401391062956,3.618108989301175,13.0,H100,,False,0.9,FP16,1.0,2048.0
llmservingsim,/Users/dipanwitaguhathakurta/Downloads/inference-sim-package/sim-to-real-accuracy-validation/vllm_data/ground_truth/14-qwen3-14b-tp1-codegen-1,Qwen/Qwen3-14B,codegen,-1,e2e_mean,2830.8931950891088,3354.3752543907613,15.605948041037824,-15.605948041037824,523.4820593016525,14.0,H100,,False,0.9,FP16,1.0,2048.0
llmservingsim,/Users/dipanwitaguhathakurta/Downloads/inference-sim-package/sim-to-real-accuracy-validation/vllm_data/ground_truth/14-qwen3-14b-tp1-codegen-1,Qwen/Qwen3-14B,codegen,-1,e2e_p90,2918.834731,3489.5892648026347,16.35592301820414,-16.35592301820414,570.7545338026348,14.0,H100,,False,0.9,FP16,1.0,2048.0
llmservingsim,/Users/dipanwitaguhathakurta/Downloads/inference-sim-package/sim-to-real-accuracy-validation/vllm_data/ground_truth/14-qwen3-14b-tp1-codegen-1,Qwen/Qwen3-14B,codegen,-1,e2e_p99,2989.127537,3529.190427493304,15.30274156605648,-15.30274156605648,540.0628904933042,14.0,H100,,False,0.9,FP16,1.0,2048.0
llmservingsim,/Users/dipanwitaguhathakurta/Downloads/inference-sim-package/sim-to-real-accuracy-validation/vllm_data/ground_truth/14-qwen3-14b-tp1-codegen-1,Qwen/Qwen3-14B,codegen,-1,ttft_mean,18.15053111881188,58.63133065402508,69.04294868230858,-69.04294868230858,40.480799535213194,14.0,H100,,False,0.9,FP16,1.0,2048.0
llmservingsim,/Users/dipanwitaguhathakurta/Downloads/inference-sim-package/sim-to-real-accuracy-validation/vllm_data/ground_truth/14-qwen3-14b-tp1-codegen-1,Qwen/Qwen3-14B,codegen,-1,ttft_p90,22.812691,76.60557171329856,70.22058514832574,-70.22058514832574,53.79288071329856,14.0,H100,,False,0.9,FP16,1.0,2048.0
llmservingsim,/Users/dipanwitaguhathakurta/Downloads/inference-sim-package/sim-to-real-accuracy-validation/vllm_data/ground_truth/14-qwen3-14b-tp1-codegen-1,Qwen/Qwen3-14B,codegen,-1,ttft_p99,28.917905,111.40078051947062,74.04155979414728,-74.04155979414728,82.48287551947061,14.0,H100,,False,0.9,FP16,1.0,2048.0
llmservingsim,/Users/dipanwitaguhathakurta/Downloads/inference-sim-package/sim-to-real-accuracy-validation/vllm_data/ground_truth/14-qwen3-14b-tp1-codegen-1,Qwen/Qwen3-14B,codegen,-1,itl_mean,11.615025099009902,18.41308141364401,36.91971029681528,-36.91971029681528,6.79805631463411,14.0,H100,,False,0.9,FP16,1.0,2048.0
llmservingsim,/Users/dipanwitaguhathakurta/Downloads/inference-sim-package/sim-to-real-accuracy-validation/vllm_data/ground_truth/15-qwen3-14b-tp1-roleplay-1,Qwen/Qwen3-14B,roleplay,-1,e2e_mean,3009.9522569166666,3469.89902975969,13.255335930477422,-13.255335930477422,459.9467728430236,15.0,H100,,False,0.9,FP16,1.0,2048.0
llmservingsim,/Users/dipanwitaguhathakurta/Downloads/inference-sim-package/sim-to-real-accuracy-validation/vllm_data/ground_truth/15-qwen3-14b-tp1-roleplay-1,Qwen/Qwen3-14B,roleplay,-1,e2e_p90,3057.3145862,3813.327913079411,19.82555248622457,-19.82555248622457,756.0133268794107,15.0,H100,,False,0.9,FP16,1.0,2048.0
llmservingsim,/Users/dipanwitaguhathakurta/Downloads/inference-sim-package/sim-to-real-accuracy-validation/vllm_data/ground_truth/15-qwen3-14b-tp1-roleplay-1,Qwen/Qwen3-14B,roleplay,-1,e2e_p99,3077.8229008599997,3997.413206156343,23.00463469425926,-23.00463469425926,919.5903052963436,15.0,H100,,False,0.9,FP16,1.0,2048.0
llmservingsim,/Users/dipanwitaguhathakurta/Downloads/inference-sim-package/sim-to-real-accuracy-validation/vllm_data/ground_truth/15-qwen3-14b-tp1-roleplay-1,Qwen/Qwen3-14B,roleplay,-1,ttft_mean,18.924475836666662,51.63851602934301,63.3520145584489,-63.3520145584489,32.71404019267635,15.0,H100,,False,0.9,FP16,1.0,2048.0
llmservingsim,/Users/dipanwitaguhathakurta/Downloads/inference-sim-package/sim-to-real-accuracy-validation/vllm_data/ground_truth/15-qwen3-14b-tp1-roleplay-1,Qwen/Qwen3-14B,roleplay,-1,ttft_p90,23.8275877,71.02200677618384,66.45041617158273,-66.45041617158273,47.19441907618385,15.0,H100,,False,0.9,FP16,1.0,2048.0
llmservingsim,/Users/dipanwitaguhathakurta/Downloads/inference-sim-package/sim-to-real-accuracy-validation/vllm_data/ground_truth/15-qwen3-14b-tp1-roleplay-1,Qwen/Qwen3-14B,roleplay,-1,ttft_p99,32.748171,96.63536894135171,66.11160969450538,-66.11160969450538,63.88719794135173,15.0,H100,,False,0.9,FP16,1.0,2048.0
llmservingsim,/Users/dipanwitaguhathakurta/Downloads/inference-sim-package/sim-to-real-accuracy-validation/vllm_data/ground_truth/15-qwen3-14b-tp1-roleplay-1,Qwen/Qwen3-14B,roleplay,-1,itl_mean,12.100724166666666,14.030010661618446,13.75114061908507,-13.75114061908507,1.9292864949517805,15.0,H100,,False,0.9,FP16,1.0,2048.0
llmservingsim,/Users/dipanwitaguhathakurta/Downloads/inference-sim-package/sim-to-real-accuracy-validation/vllm_data/ground_truth/16-llama-3-1-8b-tp1-general-1,meta-llama/Llama-3.1-8B-Instruct,general,-1,e2e_mean,1664.8573817558138,2118.612162541425,21.41754818594547,-21.41754818594547,453.75478078561105,16.0,H100,,False,0.9,FP16,1.0,2048.0
llmservingsim,/Users/dipanwitaguhathakurta/Downloads/inference-sim-package/sim-to-real-accuracy-validation/vllm_data/ground_truth/16-llama-3-1-8b-tp1-general-1,meta-llama/Llama-3.1-8B-Instruct,general,-1,e2e_p90,1732.0144135,2186.7408622056246,20.79471127854497,-20.79471127854497,454.72644870562453,16.0,H100,,False,0.9,FP16,1.0,2048.0
llmservingsim,/Users/dipanwitaguhathakurta/Downloads/inference-sim-package/sim-to-real-accuracy-validation/vllm_data/ground_truth/16-llama-3-1-8b-tp1-general-1,meta-llama/Llama-3.1-8B-Instruct,general,-1,e2e_p99,1779.6652063500003,2206.842316268012,19.35693849846102,-19.35693849846102,427.1771099180117,16.0,H100,,False,0.9,FP16,1.0,2048.0
llmservingsim,/Users/dipanwitaguhathakurta/Downloads/inference-sim-package/sim-to-real-accuracy-validation/vllm_data/ground_truth/16-llama-3-1-8b-tp1-general-1,meta-llama/Llama-3.1-8B-Instruct,general,-1,ttft_mean,10.805505465116278,39.75086204361084,72.81692796180997,-72.81692796180997,28.94535657849456,16.0,H100,,False,0.9,FP16,1.0,2048.0
llmservingsim,/Users/dipanwitaguhathakurta/Downloads/inference-sim-package/sim-to-real-accuracy-validation/vllm_data/ground_truth/16-llama-3-1-8b-tp1-general-1,meta-llama/Llama-3.1-8B-Instruct,general,-1,ttft_p90,13.274775,52.50356765463948,74.71643243880214,-74.71643243880214,39.22879265463949,16.0,H100,,False,0.9,FP16,1.0,2048.0
llmservingsim,/Users/dipanwitaguhathakurta/Downloads/inference-sim-package/sim-to-real-accuracy-validation/vllm_data/ground_truth/16-llama-3-1-8b-tp1-general-1,meta-llama/Llama-3.1-8B-Instruct,general,-1,ttft_p99,18.19458715000001,96.97842304594816,81.23852030324367,-81.23852030324367,78.78383589594813,16.0,H100,,False,0.9,FP16,1.0,2048.0
llmservingsim,/Users/dipanwitaguhathakurta/Downloads/inference-sim-package/sim-to-real-accuracy-validation/vllm_data/ground_truth/16-llama-3-1-8b-tp1-general-1,meta-llama/Llama-3.1-8B-Instruct,general,-1,itl_mean,6.911226802325581,8.894414755432182,22.297003317676264,-22.297003317676264,1.9831879531066008,16.0,H100,,False,0.9,FP16,1.0,2048.0
llmservingsim,/Users/dipanwitaguhathakurta/Downloads/inference-sim-package/sim-to-real-accuracy-validation/vllm_data/ground_truth/18-llama-3-1-8b-tp1-codegen-1,meta-llama/Llama-3.1-8B-Instruct,codegen,-1,e2e_mean,1566.6806403069306,1875.6737221218648,16.473711721321344,-16.473711721321344,308.99308181493393,18.0,H100,,False,0.9,FP16,1.0,2048.0
llmservingsim,/Users/dipanwitaguhathakurta/Downloads/inference-sim-package/sim-to-real-accuracy-validation/vllm_data/ground_truth/18-llama-3-1-8b-tp1-codegen-1,meta-llama/Llama-3.1-8B-Instruct,codegen,-1,e2e_p90,1657.985789,1926.5346171334384,13.939475872643396,-13.939475872643396,268.5488281334385,18.0,H100,,False,0.9,FP16,1.0,2048.0
llmservingsim,/Users/dipanwitaguhathakurta/Downloads/inference-sim-package/sim-to-real-accuracy-validation/vllm_data/ground_truth/18-llama-3-1-8b-tp1-codegen-1,meta-llama/Llama-3.1-8B-Instruct,codegen,-1,e2e_p99,1698.274469,1947.0871780160817,12.778714370129066,-12.778714370129066,248.8127090160815,18.0,H100,,False,0.9,FP16,1.0,2048.0
llmservingsim,/Users/dipanwitaguhathakurta/Downloads/inference-sim-package/sim-to-real-accuracy-validation/vllm_data/ground_truth/18-llama-3-1-8b-tp1-codegen-1,meta-llama/Llama-3.1-8B-Instruct,codegen,-1,ttft_mean,10.1647910990099,33.27851479873061,69.45539438737924,-69.45539438737924,23.113723699720712,18.0,H100,,False,0.9,FP16,1.0,2048.0
llmservingsim,/Users/dipanwitaguhathakurta/Downloads/inference-sim-package/sim-to-real-accuracy-validation/vllm_data/ground_truth/18-llama-3-1-8b-tp1-codegen-1,meta-llama/Llama-3.1-8B-Instruct,codegen,-1,ttft_p90,12.383731,37.647930067032576,67.10647576652788,-67.10647576652788,25.26419906703258,18.0,H100,,False,0.9,FP16,1.0,2048.0
llmservingsim,/Users/dipanwitaguhathakurta/Downloads/inference-sim-package/sim-to-real-accuracy-validation/vllm_data/ground_truth/18-llama-3-1-8b-tp1-codegen-1,meta-llama/Llama-3.1-8B-Instruct,codegen,-1,ttft_p99,16.801866,50.570490462705706,66.7753548635426,-66.7753548635426,33.7686244627057,18.0,H100,,False,0.9,FP16,1.0,2048.0
llmservingsim,/Users/dipanwitaguhathakurta/Downloads/inference-sim-package/sim-to-real-accuracy-validation/vllm_data/ground_truth/18-llama-3-1-8b-tp1-codegen-1,meta-llama/Llama-3.1-8B-Instruct,codegen,-1,itl_mean,6.658173752475247,8.105586186038236,17.856974194613308,-17.856974194613308,1.447412433562989,18.0,H100,,False,0.9,FP16,1.0,2048.0
llmservingsim,/Users/dipanwitaguhathakurta/Downloads/inference-sim-package/sim-to-real-accuracy-validation/vllm_data/ground_truth/19-llama-3-1-8b-tp1-roleplay-1,meta-llama/Llama-3.1-8B-Instruct,roleplay,-1,e2e_mean,1647.6237183433332,1987.364883447687,17.095057275791735,-17.095057275791735,339.74116510435374,19.0,H100,,False,0.9,FP16,1.0,2048.0
llmservingsim,/Users/dipanwitaguhathakurta/Downloads/inference-sim-package/sim-to-real-accuracy-validation/vllm_data/ground_truth/19-llama-3-1-8b-tp1-roleplay-1,meta-llama/Llama-3.1-8B-Instruct,roleplay,-1,e2e_p90,1724.2137888,2306.923744827509,25.259177176273713,-25.259177176273713,582.709956027509,19.0,H100,,False,0.9,FP16,1.0,2048.0
llmservingsim,/Users/dipanwitaguhathakurta/Downloads/inference-sim-package/sim-to-real-accuracy-validation/vllm_data/ground_truth/19-llama-3-1-8b-tp1-roleplay-1,meta-llama/Llama-3.1-8B-Instruct,roleplay,-1,e2e_p99,1730.42331761,2408.3819275721908,28.149962520505134,-28.149962520505134,677.9586099621908,19.0,H100,,False,0.9,FP16,1.0,2048.0
llmservingsim,/Users/dipanwitaguhathakurta/Downloads/inference-sim-package/sim-to-real-accuracy-validation/vllm_data/ground_truth/19-llama-3-1-8b-tp1-roleplay-1,meta-llama/Llama-3.1-8B-Instruct,roleplay,-1,ttft_mean,11.00672032,33.2445770688355,66.8916819209048,-66.8916819209048,22.237856748835497,19.0,H100,,False,0.9,FP16,1.0,2048.0
llmservingsim,/Users/dipanwitaguhathakurta/Downloads/inference-sim-package/sim-to-real-accuracy-validation/vllm_data/ground_truth/19-llama-3-1-8b-tp1-roleplay-1,meta-llama/Llama-3.1-8B-Instruct,roleplay,-1,ttft_p90,13.768551800000004,45.883957855403445,69.99266749527237,-69.99266749527237,32.11540605540344,19.0,H100,,False,0.9,FP16,1.0,2048.0
llmservingsim,/Users/dipanwitaguhathakurta/Downloads/inference-sim-package/sim-to-real-accuracy-validation/vllm_data/ground_truth/19-llama-3-1-8b-tp1-roleplay-1,meta-llama/Llama-3.1-8B-Instruct,roleplay,-1,ttft_p99,19.261483869999996,70.80847537144996,72.79777064968943,-72.79777064968943,51.546991501449966,19.0,H100,,False,0.9,FP16,1.0,2048.0
llmservingsim,/Users/dipanwitaguhathakurta/Downloads/inference-sim-package/sim-to-real-accuracy-validation/vllm_data/ground_truth/19-llama-3-1-8b-tp1-roleplay-1,meta-llama/Llama-3.1-8B-Instruct,roleplay,-1,itl_mean,6.807036103333333,8.324879888253736,18.232620834110232,-18.232620834110232,1.5178437849204034,19.0,H100,,False,0.9,FP16,1.0,2048.0
llmservingsim,/Users/dipanwitaguhathakurta/Downloads/inference-sim-package/sim-to-real-accuracy-validation/vllm_data/ground_truth/22-llama-3-1-8b-tp1-general-1,meta-llama/Llama-3.1-8B-Instruct,general,-1,e2e_mean,1659.2357131860465,2028.900781808811,18.219967774530584,-18.219967774530584,369.66506862276447,22.0,H100,,False,0.9,FP16,1.0,1024.0
llmservingsim,/Users/dipanwitaguhathakurta/Downloads/inference-sim-package/sim-to-real-accuracy-validation/vllm_data/ground_truth/22-llama-3-1-8b-tp1-general-1,meta-llama/Llama-3.1-8B-Instruct,general,-1,e2e_p90,1730.1947945,2071.54031842947,16.477860502771186,-16.477860502771186,341.3455239294701,22.0,H100,,False,0.9,FP16,1.0,1024.0
llmservingsim,/Users/dipanwitaguhathakurta/Downloads/inference-sim-package/sim-to-real-accuracy-validation/vllm_data/ground_truth/22-llama-3-1-8b-tp1-general-1,meta-llama/Llama-3.1-8B-Instruct,general,-1,e2e_p99,1803.60115625,2138.8473680708557,15.674153136192825,-15.674153136192825,335.2462118208557,22.0,H100,,False,0.9,FP16,1.0,1024.0
llmservingsim,/Users/dipanwitaguhathakurta/Downloads/inference-sim-package/sim-to-real-accuracy-validation/vllm_data/ground_truth/22-llama-3-1-8b-tp1-general-1,meta-llama/Llama-3.1-8B-Instruct,general,-1,ttft_mean,10.413027627906976,37.46025580479655,72.20246524164511,-72.20246524164511,27.047228176889575,22.0,H100,,False,0.9,FP16,1.0,1024.0
llmservingsim,/Users/dipanwitaguhathakurta/Downloads/inference-sim-package/sim-to-real-accuracy-validation/vllm_data/ground_truth/22-llama-3-1-8b-tp1-general-1,meta-llama/Llama-3.1-8B-Instruct,general,-1,ttft_p90,13.08465,43.000536039471626,69.57096072479384,-69.57096072479384,29.915886039471623,22.0,H100,,False,0.9,FP16,1.0,1024.0
llmservingsim,/Users/dipanwitaguhathakurta/Downloads/inference-sim-package/sim-to-real-accuracy-validation/vllm_data/ground_truth/22-llama-3-1-8b-tp1-general-1,meta-llama/Llama-3.1-8B-Instruct,general,-1,ttft_p99,18.357362450000014,83.7923571933066,78.09184146992058,-78.09184146992058,65.43499474330659,22.0,H100,,False,0.9,FP16,1.0,1024.0
llmservingsim,/Users/dipanwitaguhathakurta/Downloads/inference-sim-package/sim-to-real-accuracy-validation/vllm_data/ground_truth/22-llama-3-1-8b-tp1-general-1,meta-llama/Llama-3.1-8B-Instruct,general,-1,itl_mean,6.907592453488372,8.482730770695007,18.568764703086057,-18.568764703086057,1.5751383172066342,22.0,H100,,False,0.9,FP16,1.0,1024.0
llmservingsim,/Users/dipanwitaguhathakurta/Downloads/inference-sim-package/sim-to-real-accuracy-validation/vllm_data/ground_truth/23-llama-3-1-8b-tp1-general-1,meta-llama/Llama-3.1-8B-Instruct,general,-1,e2e_mean,1652.977845011628,2078.849692866856,20.48593745457016,-20.48593745457016,425.871847855228,23.0,H100,,False,0.9,FP16,1.0,8192.0
llmservingsim,/Users/dipanwitaguhathakurta/Downloads/inference-sim-package/sim-to-real-accuracy-validation/vllm_data/ground_truth/23-llama-3-1-8b-tp1-general-1,meta-llama/Llama-3.1-8B-Instruct,general,-1,e2e_p90,1729.7935065,2211.06144762598,21.766375676384666,-21.766375676384666,481.26794112597986,23.0,H100,,False,0.9,FP16,1.0,8192.0
llmservingsim,/Users/dipanwitaguhathakurta/Downloads/inference-sim-package/sim-to-real-accuracy-validation/vllm_data/ground_truth/23-llama-3-1-8b-tp1-general-1,meta-llama/Llama-3.1-8B-Instruct,general,-1,e2e_p99,1815.91790885,2260.493028908968,19.66717500887597,-19.66717500887597,444.575120058968,23.0,H100,,False,0.9,FP16,1.0,8192.0
llmservingsim,/Users/dipanwitaguhathakurta/Downloads/inference-sim-package/sim-to-real-accuracy-validation/vllm_data/ground_truth/23-llama-3-1-8b-tp1-general-1,meta-llama/Llama-3.1-8B-Instruct,general,-1,ttft_mean,10.89702673255814,36.79878287948668,70.38753491319237,-70.38753491319237,25.90175614692854,23.0,H100,,False,0.9,FP16,1.0,8192.0
llmservingsim,/Users/dipanwitaguhathakurta/Downloads/inference-sim-package/sim-to-real-accuracy-validation/vllm_data/ground_truth/23-llama-3-1-8b-tp1-general-1,meta-llama/Llama-3.1-8B-Instruct,general,-1,ttft_p90,13.638817,44.80087384581566,69.55680586289759,-69.55680586289759,31.16205684581566,23.0,H100,,False,0.9,FP16,1.0,8192.0
llmservingsim,/Users/dipanwitaguhathakurta/Downloads/inference-sim-package/sim-to-real-accuracy-validation/vllm_data/ground_truth/23-llama-3-1-8b-tp1-general-1,meta-llama/Llama-3.1-8B-Instruct,general,-1,ttft_p99,20.20288755,75.72961221449096,73.32234120943491,-73.32234120943491,55.52672466449096,23.0,H100,,False,0.9,FP16,1.0,8192.0
llmservingsim,/Users/dipanwitaguhathakurta/Downloads/inference-sim-package/sim-to-real-accuracy-validation/vllm_data/ground_truth/23-llama-3-1-8b-tp1-general-1,meta-llama/Llama-3.1-8B-Instruct,general,-1,itl_mean,6.901826209302325,8.761075102973116,21.221697928828917,-21.221697928828917,1.8592488936707916,23.0,H100,,False,0.9,FP16,1.0,8192.0
llmservingsim,/Users/dipanwitaguhathakurta/Downloads/inference-sim-package/sim-to-real-accuracy-validation/vllm_data/ground_truth/24-llama-3-1-8b-tp1-general-1,meta-llama/Llama-3.1-8B-Instruct,general,-1,e2e_mean,1601.3087959651164,2020.2451997739804,20.73690876017097,-20.73690876017097,418.936403808864,24.0,H100,,True,0.9,FP16,1.0,2048.0
llmservingsim,/Users/dipanwitaguhathakurta/Downloads/inference-sim-package/sim-to-real-accuracy-validation/vllm_data/ground_truth/24-llama-3-1-8b-tp1-general-1,meta-llama/Llama-3.1-8B-Instruct,general,-1,e2e_p90,1729.814607,2096.50374064222,17.490507006197483,-17.490507006197483,366.68913364221976,24.0,H100,,True,0.9,FP16,1.0,2048.0
llmservingsim,/Users/dipanwitaguhathakurta/Downloads/inference-sim-package/sim-to-real-accuracy-validation/vllm_data/ground_truth/24-llama-3-1-8b-tp1-general-1,meta-llama/Llama-3.1-8B-Instruct,general,-1,e2e_p99,1777.78111705,2126.338405208662,16.392371379120043,-16.392371379120043,348.55728815866223,24.0,H100,,True,0.9,FP16,1.0,2048.0
llmservingsim,/Users/dipanwitaguhathakurta/Downloads/inference-sim-package/sim-to-real-accuracy-validation/vllm_data/ground_truth/24-llama-3-1-8b-tp1-general-1,meta-llama/Llama-3.1-8B-Instruct,general,-1,ttft_mean,10.638211058139534,35.8212070842815,70.30191910309011,-70.30191910309011,25.182996026141964,24.0,H100,,True,0.9,FP16,1.0,2048.0
llmservingsim,/Users/dipanwitaguhathakurta/Downloads/inference-sim-package/sim-to-real-accuracy-validation/vllm_data/ground_truth/24-llama-3-1-8b-tp1-general-1,meta-llama/Llama-3.1-8B-Instruct,general,-1,ttft_p90,13.503145,43.47215825691819,68.93840669194036,-68.93840669194036,29.969013256918192,24.0,H100,,True,0.9,FP16,1.0,2048.0
llmservingsim,/Users/dipanwitaguhathakurta/Downloads/inference-sim-package/sim-to-real-accuracy-validation/vllm_data/ground_truth/24-llama-3-1-8b-tp1-general-1,meta-llama/Llama-3.1-8B-Instruct,general,-1,ttft_p99,18.93188990000001,59.45711284875894,68.15874671184076,-68.15874671184076,40.52522294875893,24.0,H100,,True,0.9,FP16,1.0,2048.0
llmservingsim,/Users/dipanwitaguhathakurta/Downloads/inference-sim-package/sim-to-real-accuracy-validation/vllm_data/ground_truth/24-llama-3-1-8b-tp1-general-1,meta-llama/Llama-3.1-8B-Instruct,general,-1,itl_mean,6.88720376744186,9.006490494027785,23.53066078281243,-23.53066078281243,2.1192867265859254,24.0,H100,,True,0.9,FP16,1.0,2048.0
llmservingsim,/Users/dipanwitaguhathakurta/Downloads/inference-sim-package/sim-to-real-accuracy-validation/vllm_data/ground_truth/25-llama-3-1-8b-tp1-general-1,meta-llama/Llama-3.1-8B-Instruct,general,-1,e2e_mean,1645.6849979186047,2109.3514492453705,21.981469777956843,-21.981469777956843,463.6664513267658,25.0,H100,,False,0.95,FP16,1.0,2048.0
llmservingsim,/Users/dipanwitaguhathakurta/Downloads/inference-sim-package/sim-to-real-accuracy-validation/vllm_data/ground_truth/25-llama-3-1-8b-tp1-general-1,meta-llama/Llama-3.1-8B-Instruct,general,-1,e2e_p90,1729.9378515,2148.3806199394166,19.477124516754227,-19.477124516754227,418.44276843941657,25.0,H100,,False,0.95,FP16,1.0,2048.0
llmservingsim,/Users/dipanwitaguhathakurta/Downloads/inference-sim-package/sim-to-real-accuracy-validation/vllm_data/ground_truth/25-llama-3-1-8b-tp1-general-1,meta-llama/Llama-3.1-8B-Instruct,general,-1,e2e_p99,1826.722099000001,2167.8146165329963,15.734395133773358,-15.734395133773358,341.0925175329953,25.0,H100,,False,0.95,FP16,1.0,2048.0
llmservingsim,/Users/dipanwitaguhathakurta/Downloads/inference-sim-package/sim-to-real-accuracy-validation/vllm_data/ground_truth/25-llama-3-1-8b-tp1-general-1,meta-llama/Llama-3.1-8B-Instruct,general,-1,ttft_mean,10.675395627906976,36.1282984823595,70.45142983105198,-70.45142983105198,25.45290285445252,25.0,H100,,False,0.95,FP16,1.0,2048.0
llmservingsim,/Users/dipanwitaguhathakurta/Downloads/inference-sim-package/sim-to-real-accuracy-validation/vllm_data/ground_truth/25-llama-3-1-8b-tp1-general-1,meta-llama/Llama-3.1-8B-Instruct,general,-1,ttft_p90,13.6889465,41.9583625625819,67.37492679896026,-67.37492679896026,28.269416062581897,25.0,H100,,False,0.95,FP16,1.0,2048.0
llmservingsim,/Users/dipanwitaguhathakurta/Downloads/inference-sim-package/sim-to-real-accuracy-validation/vllm_data/ground_truth/25-llama-3-1-8b-tp1-general-1,meta-llama/Llama-3.1-8B-Instruct,general,-1,ttft_p99,16.478955900000017,59.365301951766064,72.2414350500751,-72.2414350500751,42.88634605176605,25.0,H100,,False,0.95,FP16,1.0,2048.0
llmservingsim,/Users/dipanwitaguhathakurta/Downloads/inference-sim-package/sim-to-real-accuracy-validation/vllm_data/ground_truth/25-llama-3-1-8b-tp1-general-1,meta-llama/Llama-3.1-8B-Instruct,general,-1,itl_mean,6.904815453488371,8.950595855518223,22.85635990109628,-22.85635990109628,2.0457804020298527,25.0,H100,,False,0.95,FP16,1.0,2048.0
llmservingsim,/Users/dipanwitaguhathakurta/Downloads/inference-sim-package/sim-to-real-accuracy-validation/vllm_data/ground_truth/26-llama-3-1-8b-tp2-general-2,meta-llama/Llama-3.1-8B-Instruct,general,-1,e2e_mean,962.319650627907,1358.5804842065934,29.167269674869605,-29.167269674869605,396.2608335786864,26.0,H100,,False,0.9,FP16,2.0,2048.0
llmservingsim,/Users/dipanwitaguhathakurta/Downloads/inference-sim-package/sim-to-real-accuracy-validation/vllm_data/ground_truth/26-llama-3-1-8b-tp2-general-2,meta-llama/Llama-3.1-8B-Instruct,general,-1,e2e_p90,1020.413661,1405.153616098687,27.380633027646557,-27.380633027646557,384.739955098687,26.0,H100,,False,0.9,FP16,2.0,2048.0
llmservingsim,/Users/dipanwitaguhathakurta/Downloads/inference-sim-package/sim-to-real-accuracy-validation/vllm_data/ground_truth/26-llama-3-1-8b-tp2-general-2,meta-llama/Llama-3.1-8B-Instruct,general,-1,e2e_p99,1039.9044656,1421.6094999108464,26.85020283944249,-26.85020283944249,381.70503431084626,26.0,H100,,False,0.9,FP16,2.0,2048.0
llmservingsim,/Users/dipanwitaguhathakurta/Downloads/inference-sim-package/sim-to-real-accuracy-validation/vllm_data/ground_truth/26-llama-3-1-8b-tp2-general-2,meta-llama/Llama-3.1-8B-Instruct,general,-1,ttft_mean,6.414597790697674,27.94352755881846,77.04442369634414,-77.04442369634414,21.528929768120783,26.0,H100,,False,0.9,FP16,2.0,2048.0
llmservingsim,/Users/dipanwitaguhathakurta/Downloads/inference-sim-package/sim-to-real-accuracy-validation/vllm_data/ground_truth/26-llama-3-1-8b-tp2-general-2,meta-llama/Llama-3.1-8B-Instruct,general,-1,ttft_p90,8.032872,31.852080253884196,74.7806989811272,-74.7806989811272,23.8192082538842,26.0,H100,,False,0.9,FP16,2.0,2048.0
llmservingsim,/Users/dipanwitaguhathakurta/Downloads/inference-sim-package/sim-to-real-accuracy-validation/vllm_data/ground_truth/26-llama-3-1-8b-tp2-general-2,meta-llama/Llama-3.1-8B-Instruct,general,-1,ttft_p99,9.624538550000011,66.09493528958413,85.43831156225258,-85.43831156225258,56.47039673958412,26.0,H100,,False,0.9,FP16,2.0,2048.0
llmservingsim,/Users/dipanwitaguhathakurta/Downloads/inference-sim-package/sim-to-real-accuracy-validation/vllm_data/ground_truth/26-llama-3-1-8b-tp2-general-2,meta-llama/Llama-3.1-8B-Instruct,general,-1,itl_mean,4.0866159069767445,5.852738972239282,30.176009448561004,-30.176009448561004,1.766123065262538,26.0,H100,,False,0.9,FP16,2.0,2048.0
llmservingsim,/Users/dipanwitaguhathakurta/Downloads/inference-sim-package/sim-to-real-accuracy-validation/vllm_data/ground_truth/27-mixtral-8x7b-tp2-general-2,mistralai/Mixtral-8x7B-v0.1,general-lite,-1,e2e_mean,6477.044857023256,4673.98999967951,38.576352484009995,38.576352484009995,1803.0548573437457,27.0,H100,1.0,False,0.9,FP16,2.0,1024.0
llmservingsim,/Users/dipanwitaguhathakurta/Downloads/inference-sim-package/sim-to-real-accuracy-validation/vllm_data/ground_truth/27-mixtral-8x7b-tp2-general-2,mistralai/Mixtral-8x7B-v0.1,general-lite,-1,e2e_p90,6970.774573,5622.88122586906,23.9715777905768,23.9715777905768,1347.89334713094,27.0,H100,1.0,False,0.9,FP16,2.0,1024.0
llmservingsim,/Users/dipanwitaguhathakurta/Downloads/inference-sim-package/sim-to-real-accuracy-validation/vllm_data/ground_truth/27-mixtral-8x7b-tp2-general-2,mistralai/Mixtral-8x7B-v0.1,general-lite,-1,e2e_p99,7119.7360987,6124.55801544711,16.24897797919283,16.24897797919283,995.1780832528902,27.0,H100,1.0,False,0.9,FP16,2.0,1024.0
llmservingsim,/Users/dipanwitaguhathakurta/Downloads/inference-sim-package/sim-to-real-accuracy-validation/vllm_data/ground_truth/27-mixtral-8x7b-tp2-general-2,mistralai/Mixtral-8x7B-v0.1,general-lite,-1,ttft_mean,40.18667990697674,193.3212070514194,79.21248241726117,-79.21248241726117,153.13452714444267,27.0,H100,1.0,False,0.9,FP16,2.0,1024.0
llmservingsim,/Users/dipanwitaguhathakurta/Downloads/inference-sim-package/sim-to-real-accuracy-validation/vllm_data/ground_truth/27-mixtral-8x7b-tp2-general-2,mistralai/Mixtral-8x7B-v0.1,general-lite,-1,ttft_p90,50.8961315,804.1030881926413,93.67044695545222,-93.67044695545222,753.2069566926413,27.0,H100,1.0,False,0.9,FP16,2.0,1024.0
llmservingsim,/Users/dipanwitaguhathakurta/Downloads/inference-sim-package/sim-to-real-accuracy-validation/vllm_data/ground_truth/27-mixtral-8x7b-tp2-general-2,mistralai/Mixtral-8x7B-v0.1,general-lite,-1,ttft_p99,70.77553080000001,1089.4880742952223,93.50378104452552,-93.50378104452552,1018.7125434952222,27.0,H100,1.0,False,0.9,FP16,2.0,1024.0
llmservingsim,/Users/dipanwitaguhathakurta/Downloads/inference-sim-package/sim-to-real-accuracy-validation/vllm_data/ground_truth/27-mixtral-8x7b-tp2-general-2,mistralai/Mixtral-8x7B-v0.1,general-lite,-1,itl_mean,26.298455895348827,19.281760353560056,36.390326469819726,36.390326469819726,7.016695541788771,27.0,H100,1.0,False,0.9,FP16,2.0,1024.0
llmservingsim,/Users/dipanwitaguhathakurta/Downloads/inference-sim-package/sim-to-real-accuracy-validation/vllm_data/ground_truth/28-mixtral-8x7b-tp2-general-2,mistralai/Mixtral-8x7B-v0.1,general,-1,e2e_mean,6453.938047034884,7766.490643519129,16.90020186375329,-16.90020186375329,1312.5525964842443,28.0,H100,1.0,False,0.9,FP16,2.0,8192.0
llmservingsim,/Users/dipanwitaguhathakurta/Downloads/inference-sim-package/sim-to-real-accuracy-validation/vllm_data/ground_truth/28-mixtral-8x7b-tp2-general-2,mistralai/Mixtral-8x7B-v0.1,general,-1,e2e_p90,6984.881259,11302.678933367131,38.2015423053412,-38.2015423053412,4317.797674367133,28.0,H100,1.0,False,0.9,FP16,2.0,8192.0
llmservingsim,/Users/dipanwitaguhathakurta/Downloads/inference-sim-package/sim-to-real-accuracy-validation/vllm_data/ground_truth/28-mixtral-8x7b-tp2-general-2,mistralai/Mixtral-8x7B-v0.1,general,-1,e2e_p99,7152.21628755,11950.057827215642,40.14910730171368,-40.14910730171368,4797.841539665642,28.0,H100,1.0,False,0.9,FP16,2.0,8192.0
llmservingsim,/Users/dipanwitaguhathakurta/Downloads/inference-sim-package/sim-to-real-accuracy-validation/vllm_data/ground_truth/28-mixtral-8x7b-tp2-general-2,mistralai/Mixtral-8x7B-v0.1,general,-1,ttft_mean,38.59303644186046,700.6663957253359,94.49195270712126,-94.49195270712126,662.0733592834754,28.0,H100,1.0,False,0.9,FP16,2.0,8192.0
llmservingsim,/Users/dipanwitaguhathakurta/Downloads/inference-sim-package/sim-to-real-accuracy-validation/vllm_data/ground_truth/28-mixtral-8x7b-tp2-general-2,mistralai/Mixtral-8x7B-v0.1,general,-1,ttft_p90,49.846944,1835.3401040658357,97.28404866816923,-97.28404866816923,1785.4931600658356,28.0,H100,1.0,False,0.9,FP16,2.0,8192.0
llmservingsim,/Users/dipanwitaguhathakurta/Downloads/inference-sim-package/sim-to-real-accuracy-validation/vllm_data/ground_truth/28-mixtral-8x7b-tp2-general-2,mistralai/Mixtral-8x7B-v0.1,general,-1,ttft_p99,71.90849215000001,2520.781876286492,97.1473734865179,-97.1473734865179,2448.873384136492,28.0,H100,1.0,False,0.9,FP16,2.0,8192.0
llmservingsim,/Users/dipanwitaguhathakurta/Downloads/inference-sim-package/sim-to-real-accuracy-validation/vllm_data/ground_truth/28-mixtral-8x7b-tp2-general-2,mistralai/Mixtral-8x7B-v0.1,general,-1,itl_mean,26.297984837209302,29.53983308394397,10.974497511621816,-10.974497511621816,3.241848246734669,28.0,H100,1.0,False,0.9,FP16,2.0,8192.0
llmservingsim,/Users/dipanwitaguhathakurta/Downloads/inference-sim-package/sim-to-real-accuracy-validation/vllm_data/ground_truth/29-mixtral-8x7b-tp2-general-2,mistralai/Mixtral-8x7B-v0.1,general,-1,e2e_mean,6509.110786848837,7913.336279054801,17.745050161999306,-17.745050161999306,1404.2254922059635,29.0,H100,1.0,True,0.9,FP16,2.0,2048.0
llmservingsim,/Users/dipanwitaguhathakurta/Downloads/inference-sim-package/sim-to-real-accuracy-validation/vllm_data/ground_truth/29-mixtral-8x7b-tp2-general-2,mistralai/Mixtral-8x7B-v0.1,general,-1,e2e_p90,6996.3128875,11415.11518601328,38.7100982031925,-38.7100982031925,4418.802298513281,29.0,H100,1.0,True,0.9,FP16,2.0,2048.0
llmservingsim,/Users/dipanwitaguhathakurta/Downloads/inference-sim-package/sim-to-real-accuracy-validation/vllm_data/ground_truth/29-mixtral-8x7b-tp2-general-2,mistralai/Mixtral-8x7B-v0.1,general,-1,e2e_p99,7089.088179400001,12853.308890247716,44.84620077263719,-44.84620077263719,5764.220710847717,29.0,H100,1.0,True,0.9,FP16,2.0,2048.0
llmservingsim,/Users/dipanwitaguhathakurta/Downloads/inference-sim-package/sim-to-real-accuracy-validation/vllm_data/ground_truth/29-mixtral-8x7b-tp2-general-2,mistralai/Mixtral-8x7B-v0.1,general,-1,ttft_mean,38.99217844186046,525.0232013180679,92.57324660244142,-92.57324660244142,486.03102287620743,29.0,H100,1.0,True,0.9,FP16,2.0,2048.0
llmservingsim,/Users/dipanwitaguhathakurta/Downloads/inference-sim-package/sim-to-real-accuracy-validation/vllm_data/ground_truth/29-mixtral-8x7b-tp2-general-2,mistralai/Mixtral-8x7B-v0.1,general,-1,ttft_p90,50.411154499999995,1160.493120551109,95.65605744598813,-95.65605744598813,1110.0819660511092,29.0,H100,1.0,True,0.9,FP16,2.0,2048.0
llmservingsim,/Users/dipanwitaguhathakurta/Downloads/inference-sim-package/sim-to-real-accuracy-validation/vllm_data/ground_truth/29-mixtral-8x7b-tp2-general-2,mistralai/Mixtral-8x7B-v0.1,general,-1,ttft_p99,59.176682500000105,1679.5405250508345,96.47661478735624,-96.47661478735624,1620.3638425508343,29.0,H100,1.0,True,0.9,FP16,2.0,2048.0
llmservingsim,/Users/dipanwitaguhathakurta/Downloads/inference-sim-package/sim-to-real-accuracy-validation/vllm_data/ground_truth/29-mixtral-8x7b-tp2-general-2,mistralai/Mixtral-8x7B-v0.1,general,-1,itl_mean,26.322736453488364,30.135106070255222,12.650924831254692,-12.650924831254692,3.8123696167668584,29.0,H100,1.0,True,0.9,FP16,2.0,2048.0
llmservingsim,/Users/dipanwitaguhathakurta/Downloads/inference-sim-package/sim-to-real-accuracy-validation/vllm_data/ground_truth/30-mixtral-8x7b-tp2-general-2,mistralai/Mixtral-8x7B-v0.1,general,-1,e2e_mean,6459.4400836162795,9465.1904063256,31.75583579069442,-31.75583579069442,3005.7503227093193,30.0,H100,1.0,False,0.95,FP16,2.0,2048.0
llmservingsim,/Users/dipanwitaguhathakurta/Downloads/inference-sim-package/sim-to-real-accuracy-validation/vllm_data/ground_truth/30-mixtral-8x7b-tp2-general-2,mistralai/Mixtral-8x7B-v0.1,general,-1,e2e_p90,6929.687605,12385.578725021333,44.05035276227623,-44.05035276227623,5455.891120021332,30.0,H100,1.0,False,0.95,FP16,2.0,2048.0
llmservingsim,/Users/dipanwitaguhathakurta/Downloads/inference-sim-package/sim-to-real-accuracy-validation/vllm_data/ground_truth/30-mixtral-8x7b-tp2-general-2,mistralai/Mixtral-8x7B-v0.1,general,-1,e2e_p99,7117.6420626,13048.297649109738,45.45156575972481,-45.45156575972481,5930.655586509738,30.0,H100,1.0,False,0.95,FP16,2.0,2048.0
llmservingsim,/Users/dipanwitaguhathakurta/Downloads/inference-sim-package/sim-to-real-accuracy-validation/vllm_data/ground_truth/30-mixtral-8x7b-tp2-general-2,mistralai/Mixtral-8x7B-v0.1,general,-1,ttft_mean,38.990568546511625,646.349361036406,93.96757065188535,-93.96757065188535,607.3587924898943,30.0,H100,1.0,False,0.95,FP16,2.0,2048.0
llmservingsim,/Users/dipanwitaguhathakurta/Downloads/inference-sim-package/sim-to-real-accuracy-validation/vllm_data/ground_truth/30-mixtral-8x7b-tp2-general-2,mistralai/Mixtral-8x7B-v0.1,general,-1,ttft_p90,49.8851285,1201.954782474786,95.84966679051868,-95.84966679051868,1152.069653974786,30.0,H100,1.0,False,0.95,FP16,2.0,2048.0
llmservingsim,/Users/dipanwitaguhathakurta/Downloads/inference-sim-package/sim-to-real-accuracy-validation/vllm_data/ground_truth/30-mixtral-8x7b-tp2-general-2,mistralai/Mixtral-8x7B-v0.1,general,-1,ttft_p99,74.50831250000002,1948.8237222190949,96.1767546417611,-96.1767546417611,1874.3154097190948,30.0,H100,1.0,False,0.95,FP16,2.0,2048.0
llmservingsim,/Users/dipanwitaguhathakurta/Downloads/inference-sim-package/sim-to-real-accuracy-validation/vllm_data/ground_truth/30-mixtral-8x7b-tp2-general-2,mistralai/Mixtral-8x7B-v0.1,general,-1,itl_mean,26.28725401162791,40.074658870021445,34.404297496609374,-34.404297496609374,13.787404858393536,30.0,H100,1.0,False,0.95,FP16,2.0,2048.0
llmservingsim,/Users/dipanwitaguhathakurta/Downloads/inference-sim-package/sim-to-real-accuracy-validation/vllm_data/ground_truth/31-mixtral-8x7b-tp4-general-4,mistralai/Mixtral-8x7B-v0.1,general,-1,e2e_mean,3968.570650116279,4020.69079698345,1.2962983103867276,-1.2962983103867276,52.120146867171115,31.0,H100,1.0,False,0.9,FP16,4.0,2048.0
llmservingsim,/Users/dipanwitaguhathakurta/Downloads/inference-sim-package/sim-to-real-accuracy-validation/vllm_data/ground_truth/31-mixtral-8x7b-tp4-general-4,mistralai/Mixtral-8x7B-v0.1,general,-1,e2e_p90,4388.255537,5566.592279355973,21.168008778474803,-21.168008778474803,1178.336742355973,31.0,H100,1.0,False,0.9,FP16,4.0,2048.0
llmservingsim,/Users/dipanwitaguhathakurta/Downloads/inference-sim-package/sim-to-real-accuracy-validation/vllm_data/ground_truth/31-mixtral-8x7b-tp4-general-4,mistralai/Mixtral-8x7B-v0.1,general,-1,e2e_p99,4586.9443862,6851.437641354278,33.05135905326098,-33.05135905326098,2264.493255154278,31.0,H100,1.0,False,0.9,FP16,4.0,2048.0
llmservingsim,/Users/dipanwitaguhathakurta/Downloads/inference-sim-package/sim-to-real-accuracy-validation/vllm_data/ground_truth/31-mixtral-8x7b-tp4-general-4,mistralai/Mixtral-8x7B-v0.1,general,-1,ttft_mean,24.222494313953487,335.5003057026066,92.78018711093972,-92.78018711093972,311.27781138865316,31.0,H100,1.0,False,0.9,FP16,4.0,2048.0
llmservingsim,/Users/dipanwitaguhathakurta/Downloads/inference-sim-package/sim-to-real-accuracy-validation/vllm_data/ground_truth/31-mixtral-8x7b-tp4-general-4,mistralai/Mixtral-8x7B-v0.1,general,-1,ttft_p90,30.844262,923.554838169366,96.66026740099828,-96.66026740099828,892.7105761693662,31.0,H100,1.0,False,0.9,FP16,4.0,2048.0
llmservingsim,/Users/dipanwitaguhathakurta/Downloads/inference-sim-package/sim-to-real-accuracy-validation/vllm_data/ground_truth/31-mixtral-8x7b-tp4-general-4,mistralai/Mixtral-8x7B-v0.1,general,-1,ttft_p99,34.26272005000003,1415.0310577359053,97.57865950272344,-97.57865950272344,1380.7683376859052,31.0,H100,1.0,False,0.9,FP16,4.0,2048.0
llmservingsim,/Users/dipanwitaguhathakurta/Downloads/inference-sim-package/sim-to-real-accuracy-validation/vllm_data/ground_truth/31-mixtral-8x7b-tp4-general-4,mistralai/Mixtral-8x7B-v0.1,general,-1,itl_mean,15.949650674418606,14.904438685269378,7.012756476245234,7.012756476245234,1.0452119891492284,31.0,H100,1.0,False,0.9,FP16,4.0,2048.0
llmservingsim,/Users/dipanwitaguhathakurta/Downloads/inference-sim-package/sim-to-real-accuracy-validation/vllm_data/ground_truth/46-llama-3-1-8b-tp1-reasoning-1,meta-llama/Llama-3.1-8B-Instruct,reasoning,-1,e2e_mean,16795.938658833333,22705.41626967024,26.026730981940872,-26.026730981940872,5909.477610836908,46.0,H100,,False,0.9,FP16,1.0,2048.0
llmservingsim,/Users/dipanwitaguhathakurta/Downloads/inference-sim-package/sim-to-real-accuracy-validation/vllm_data/ground_truth/46-llama-3-1-8b-tp1-reasoning-1,meta-llama/Llama-3.1-8B-Instruct,reasoning,-1,e2e_p90,18750.2196062,24470.233707642183,23.37539628669665,-23.37539628669665,5720.014101442182,46.0,H100,,False,0.9,FP16,1.0,2048.0
llmservingsim,/Users/dipanwitaguhathakurta/Downloads/inference-sim-package/sim-to-real-accuracy-validation/vllm_data/ground_truth/46-llama-3-1-8b-tp1-reasoning-1,meta-llama/Llama-3.1-8B-Instruct,reasoning,-1,e2e_p99,18921.55278224,24516.800851500593,22.82209699035071,-22.82209699035071,5595.248069260593,46.0,H100,,False,0.9,FP16,1.0,2048.0
llmservingsim,/Users/dipanwitaguhathakurta/Downloads/inference-sim-package/sim-to-real-accuracy-validation/vllm_data/ground_truth/46-llama-3-1-8b-tp1-reasoning-1,meta-llama/Llama-3.1-8B-Instruct,reasoning,-1,ttft_mean,18.470331546666667,56.34285452775657,67.21796987128597,-67.21796987128597,37.8725229810899,46.0,H100,,False,0.9,FP16,1.0,2048.0
llmservingsim,/Users/dipanwitaguhathakurta/Downloads/inference-sim-package/sim-to-real-accuracy-validation/vllm_data/ground_truth/46-llama-3-1-8b-tp1-reasoning-1,meta-llama/Llama-3.1-8B-Instruct,reasoning,-1,ttft_p90,24.5414122,67.98188569955529,63.90007139775392,-63.90007139775392,43.440473499555296,46.0,H100,,False,0.9,FP16,1.0,2048.0
llmservingsim,/Users/dipanwitaguhathakurta/Downloads/inference-sim-package/sim-to-real-accuracy-validation/vllm_data/ground_truth/46-llama-3-1-8b-tp1-reasoning-1,meta-llama/Llama-3.1-8B-Instruct,reasoning,-1,ttft_p99,35.17304326,96.77569720428431,63.65508668384684,-63.65508668384684,61.60265394428433,46.0,H100,,False,0.9,FP16,1.0,2048.0
llmservingsim,/Users/dipanwitaguhathakurta/Downloads/inference-sim-package/sim-to-real-accuracy-validation/vllm_data/ground_truth/46-llama-3-1-8b-tp1-reasoning-1,meta-llama/Llama-3.1-8B-Instruct,reasoning,-1,itl_mean,11.940122316666669,16.63670500728623,28.230245643970015,-28.230245643970015,4.696582690619563,46.0,H100,,False,0.9,FP16,1.0,2048.0
llmservingsim,/Users/dipanwitaguhathakurta/Downloads/inference-sim-package/sim-to-real-accuracy-validation/vllm_data/ground_truth/49-mixtral-8x22b-tp8-general-8,mistralai/Mixtral-8x22B-Instruct-v0.1,general,-1,e2e_mean,12887.785119744183,8456.17017885237,52.40687979500018,52.40687979500018,4431.614940891814,49.0,H100,1.0,False,0.9,FP16,8.0,2048.0
llmservingsim,/Users/dipanwitaguhathakurta/Downloads/inference-sim-package/sim-to-real-accuracy-validation/vllm_data/ground_truth/49-mixtral-8x22b-tp8-general-8,mistralai/Mixtral-8x22B-Instruct-v0.1,general,-1,e2e_p90,14457.2630345,11468.300265725702,26.062822733261942,26.062822733261942,2988.9627687742977,49.0,H100,1.0,False,0.9,FP16,8.0,2048.0
llmservingsim,/Users/dipanwitaguhathakurta/Downloads/inference-sim-package/sim-to-real-accuracy-validation/vllm_data/ground_truth/49-mixtral-8x22b-tp8-general-8,mistralai/Mixtral-8x22B-Instruct-v0.1,general,-1,e2e_p99,14683.66062775,12572.778936615216,16.78930093161302,16.78930093161302,2110.881691134784,49.0,H100,1.0,False,0.9,FP16,8.0,2048.0
llmservingsim,/Users/dipanwitaguhathakurta/Downloads/inference-sim-package/sim-to-real-accuracy-validation/vllm_data/ground_truth/49-mixtral-8x22b-tp8-general-8,mistralai/Mixtral-8x22B-Instruct-v0.1,general,-1,ttft_mean,68.60989062790699,651.3978201289509,89.46728274062615,-89.46728274062615,582.7879295010439,49.0,H100,1.0,False,0.9,FP16,8.0,2048.0
llmservingsim,/Users/dipanwitaguhathakurta/Downloads/inference-sim-package/sim-to-real-accuracy-validation/vllm_data/ground_truth/49-mixtral-8x22b-tp8-general-8,mistralai/Mixtral-8x22B-Instruct-v0.1,general,-1,ttft_p90,95.4174985,1097.63347171247,91.30697988362778,-91.30697988362778,1002.21597321247,49.0,H100,1.0,False,0.9,FP16,8.0,2048.0
llmservingsim,/Users/dipanwitaguhathakurta/Downloads/inference-sim-package/sim-to-real-accuracy-validation/vllm_data/ground_truth/49-mixtral-8x22b-tp8-general-8,mistralai/Mixtral-8x22B-Instruct-v0.1,general,-1,ttft_p99,131.11706795000012,1472.220475133509,91.0939244383142,-91.0939244383142,1341.1034071835088,49.0,H100,1.0,False,0.9,FP16,8.0,2048.0
llmservingsim,/Users/dipanwitaguhathakurta/Downloads/inference-sim-package/sim-to-real-accuracy-validation/vllm_data/ground_truth/49-mixtral-8x22b-tp8-general-8,mistralai/Mixtral-8x22B-Instruct-v0.1,general,-1,itl_mean,51.717496593023256,31.493335582284015,64.21727212063229,64.21727212063229,20.22416101073924,49.0,H100,1.0,False,0.9,FP16,8.0,2048.0
llmservingsim,/Users/dipanwitaguhathakurta/Downloads/inference-sim-package/sim-to-real-accuracy-validation/vllm_data/ground_truth/50-mixtral-8x22b-tp8-codegen-8,mistralai/Mixtral-8x22B-Instruct-v0.1,codegen,-1,e2e_mean,10784.873392356438,7361.013891501352,46.51342262521876,46.51342262521876,3423.8595008550856,50.0,H100,1.0,False,0.9,FP16,8.0,2048.0
llmservingsim,/Users/dipanwitaguhathakurta/Downloads/inference-sim-package/sim-to-real-accuracy-validation/vllm_data/ground_truth/50-mixtral-8x22b-tp8-codegen-8,mistralai/Mixtral-8x22B-Instruct-v0.1,codegen,-1,e2e_p90,12718.372782,11667.224965523932,9.009407289069662,9.009407289069662,1051.1478164760683,50.0,H100,1.0,False,0.9,FP16,8.0,2048.0
llmservingsim,/Users/dipanwitaguhathakurta/Downloads/inference-sim-package/sim-to-real-accuracy-validation/vllm_data/ground_truth/50-mixtral-8x22b-tp8-codegen-8,mistralai/Mixtral-8x22B-Instruct-v0.1,codegen,-1,e2e_p99,13354.729912,13462.45748163201,0.8002073156330518,-0.8002073156330518,107.72756963200844,50.0,H100,1.0,False,0.9,FP16,8.0,2048.0
llmservingsim,/Users/dipanwitaguhathakurta/Downloads/inference-sim-package/sim-to-real-accuracy-validation/vllm_data/ground_truth/50-mixtral-8x22b-tp8-codegen-8,mistralai/Mixtral-8x22B-Instruct-v0.1,codegen,-1,ttft_mean,62.84959793069308,533.3360305428505,88.21575998405315,-88.21575998405315,470.4864326121574,50.0,H100,1.0,False,0.9,FP16,8.0,2048.0
llmservingsim,/Users/dipanwitaguhathakurta/Downloads/inference-sim-package/sim-to-real-accuracy-validation/vllm_data/ground_truth/50-mixtral-8x22b-tp8-codegen-8,mistralai/Mixtral-8x22B-Instruct-v0.1,codegen,-1,ttft_p90,83.668947,1370.3340806998312,93.89426650198538,-93.89426650198538,1286.6651336998311,50.0,H100,1.0,False,0.9,FP16,8.0,2048.0
llmservingsim,/Users/dipanwitaguhathakurta/Downloads/inference-sim-package/sim-to-real-accuracy-validation/vllm_data/ground_truth/50-mixtral-8x22b-tp8-codegen-8,mistralai/Mixtral-8x22B-Instruct-v0.1,codegen,-1,ttft_p99,94.685723,1662.7591437660178,94.30550580010376,-94.30550580010376,1568.0734207660178,50.0,H100,1.0,False,0.9,FP16,8.0,2048.0
llmservingsim,/Users/dipanwitaguhathakurta/Downloads/inference-sim-package/sim-to-real-accuracy-validation/vllm_data/ground_truth/50-mixtral-8x22b-tp8-codegen-8,mistralai/Mixtral-8x22B-Instruct-v0.1,codegen,-1,itl_mean,43.60215765346534,27.748486341832855,57.13346348457187,57.13346348457187,15.853671311632484,50.0,H100,1.0,False,0.9,FP16,8.0,2048.0
llmservingsim,/Users/dipanwitaguhathakurta/Downloads/inference-sim-package/sim-to-real-accuracy-validation/vllm_data/ground_truth/51-mixtral-8x22b-tp8-roleplay-8,mistralai/Mixtral-8x22B-Instruct-v0.1,roleplay,-1,e2e_mean,13109.607072723336,5535.4485000701,136.8300793071658,136.8300793071658,7574.158572653237,51.0,H100,1.0,False,0.9,FP16,8.0,2048.0
llmservingsim,/Users/dipanwitaguhathakurta/Downloads/inference-sim-package/sim-to-real-accuracy-validation/vllm_data/ground_truth/51-mixtral-8x22b-tp8-roleplay-8,mistralai/Mixtral-8x22B-Instruct-v0.1,roleplay,-1,e2e_p90,14013.3131449,10086.001768987626,38.93823802399128,38.93823802399128,3927.3113759123735,51.0,H100,1.0,False,0.9,FP16,8.0,2048.0
llmservingsim,/Users/dipanwitaguhathakurta/Downloads/inference-sim-package/sim-to-real-accuracy-validation/vllm_data/ground_truth/51-mixtral-8x22b-tp8-roleplay-8,mistralai/Mixtral-8x22B-Instruct-v0.1,roleplay,-1,e2e_p99,14169.0694517,11186.167660541829,26.66598500646544,26.66598500646544,2982.9017911581705,51.0,H100,1.0,False,0.9,FP16,8.0,2048.0
llmservingsim,/Users/dipanwitaguhathakurta/Downloads/inference-sim-package/sim-to-real-accuracy-validation/vllm_data/ground_truth/51-mixtral-8x22b-tp8-roleplay-8,mistralai/Mixtral-8x22B-Instruct-v0.1,roleplay,-1,ttft_mean,84.58265797,175.67656975549957,51.85319357742518,-51.85319357742518,91.09391178549956,51.0,H100,1.0,False,0.9,FP16,8.0,2048.0
llmservingsim,/Users/dipanwitaguhathakurta/Downloads/inference-sim-package/sim-to-real-accuracy-validation/vllm_data/ground_truth/51-mixtral-8x22b-tp8-roleplay-8,mistralai/Mixtral-8x22B-Instruct-v0.1,roleplay,-1,ttft_p90,110.775066,606.0918290168054,81.72305569938175,-81.72305569938175,495.3167630168054,51.0,H100,1.0,False,0.9,FP16,8.0,2048.0
llmservingsim,/Users/dipanwitaguhathakurta/Downloads/inference-sim-package/sim-to-real-accuracy-validation/vllm_data/ground_truth/51-mixtral-8x22b-tp8-roleplay-8,mistralai/Mixtral-8x22B-Instruct-v0.1,roleplay,-1,ttft_p99,155.61081704,1445.7013636175525,89.23630972785294,-89.23630972785294,1290.0905465775525,51.0,H100,1.0,False,0.9,FP16,8.0,2048.0
llmservingsim,/Users/dipanwitaguhathakurta/Downloads/inference-sim-package/sim-to-real-accuracy-validation/vllm_data/ground_truth/51-mixtral-8x22b-tp8-roleplay-8,mistralai/Mixtral-8x22B-Instruct-v0.1,roleplay,-1,itl_mean,51.96327069666667,21.378827330997936,143.05949943906998,143.05949943906998,30.584443365668733,51.0,H100,1.0,False,0.9,FP16,8.0,2048.0
llmservingsim,/Users/dipanwitaguhathakurta/Downloads/inference-sim-package/sim-to-real-accuracy-validation/vllm_data/ground_truth/53-mixtral-8x22b-tp8-reasoning-8,mistralai/Mixtral-8x22B-Instruct-v0.1,reasoning-lite,-1,e2e_mean,145616.5043923633,26196.45790569484,455.86333433539414,455.86333433539414,119420.04648666846,53.0,H100,1.0,False,0.9,FP16,8.0,2048.0
llmservingsim,/Users/dipanwitaguhathakurta/Downloads/inference-sim-package/sim-to-real-accuracy-validation/vllm_data/ground_truth/53-mixtral-8x22b-tp8-reasoning-8,mistralai/Mixtral-8x22B-Instruct-v0.1,reasoning-lite,-1,e2e_p90,208466.25876790003,27062.090019881725,670.3257901172673,670.3257901172673,181404.1687480183,53.0,H100,1.0,False,0.9,FP16,8.0,2048.0
llmservingsim,/Users/dipanwitaguhathakurta/Downloads/inference-sim-package/sim-to-real-accuracy-validation/vllm_data/ground_truth/53-mixtral-8x22b-tp8-reasoning-8,mistralai/Mixtral-8x22B-Instruct-v0.1,reasoning-lite,-1,e2e_p99,209137.29061069,28637.614833842963,630.2887891471277,630.2887891471277,180499.67577684703,53.0,H100,1.0,False,0.9,FP16,8.0,2048.0
llmservingsim,/Users/dipanwitaguhathakurta/Downloads/inference-sim-package/sim-to-real-accuracy-validation/vllm_data/ground_truth/53-mixtral-8x22b-tp8-reasoning-8,mistralai/Mixtral-8x22B-Instruct-v0.1,reasoning-lite,-1,ttft_mean,48316.228849503335,96.90851575384538,49757.567700479536,49757.567700479536,48219.32033374949,53.0,H100,1.0,False,0.9,FP16,8.0,2048.0
llmservingsim,/Users/dipanwitaguhathakurta/Downloads/inference-sim-package/sim-to-real-accuracy-validation/vllm_data/ground_truth/53-mixtral-8x22b-tp8-reasoning-8,mistralai/Mixtral-8x22B-Instruct-v0.1,reasoning-lite,-1,ttft_p90,131395.453329,82.45751187205316,159249.28224960557,159249.28224960557,131312.99581712796,53.0,H100,1.0,False,0.9,FP16,8.0,2048.0
llmservingsim,/Users/dipanwitaguhathakurta/Downloads/inference-sim-package/sim-to-real-accuracy-validation/vllm_data/ground_truth/53-mixtral-8x22b-tp8-reasoning-8,mistralai/Mixtral-8x22B-Instruct-v0.1,reasoning-lite,-1,ttft_p99,137622.33578919002,1035.8741323277347,13185.62336815342,13185.62336815342,136586.4616568623,53.0,H100,1.0,False,0.9,FP16,8.0,2048.0
llmservingsim,/Users/dipanwitaguhathakurta/Downloads/inference-sim-package/sim-to-real-accuracy-validation/vllm_data/ground_truth/53-mixtral-8x22b-tp8-reasoning-8,mistralai/Mixtral-8x22B-Instruct-v0.1,reasoning-lite,-1,itl_mean,67.48780689,21.81688371062727,209.3375194419993,209.3375194419993,45.670923179372735,53.0,H100,1.0,False,0.9,FP16,8.0,2048.0
llmservingsim,/Users/dipanwitaguhathakurta/Downloads/inference-sim-package/sim-to-real-accuracy-validation/vllm_data/ground_truth/56-mixtral-8x7b-tp2-general-2-1,mistralai/Mixtral-8x7B-v0.1,general,-1,e2e_mean,6515.721536441861,7787.581053865683,16.331894443557456,-16.331894443557456,1271.8595174238226,56.0,H100,1.0,False,0.9,FP16,2.0,2048.0
llmservingsim,/Users/dipanwitaguhathakurta/Downloads/inference-sim-package/sim-to-real-accuracy-validation/vllm_data/ground_truth/56-mixtral-8x7b-tp2-general-2-1,mistralai/Mixtral-8x7B-v0.1,general,-1,e2e_p90,6980.569053,11195.609073154628,37.64904609130784,-37.64904609130784,4215.040020154628,56.0,H100,1.0,False,0.9,FP16,2.0,2048.0
llmservingsim,/Users/dipanwitaguhathakurta/Downloads/inference-sim-package/sim-to-real-accuracy-validation/vllm_data/ground_truth/56-mixtral-8x7b-tp2-general-2-1,mistralai/Mixtral-8x7B-v0.1,general,-1,e2e_p99,7153.1201073,11775.39200084284,39.25365621129211,-39.25365621129211,4622.271893542839,56.0,H100,1.0,False,0.9,FP16,2.0,2048.0
llmservingsim,/Users/dipanwitaguhathakurta/Downloads/inference-sim-package/sim-to-real-accuracy-validation/vllm_data/ground_truth/56-mixtral-8x7b-tp2-general-2-1,mistralai/Mixtral-8x7B-v0.1,general,-1,ttft_mean,38.66263680232557,555.7460993701635,93.0431114413322,-93.0431114413322,517.083462567838,56.0,H100,1.0,False,0.9,FP16,2.0,2048.0
llmservingsim,/Users/dipanwitaguhathakurta/Downloads/inference-sim-package/sim-to-real-accuracy-validation/vllm_data/ground_truth/56-mixtral-8x7b-tp2-general-2-1,mistralai/Mixtral-8x7B-v0.1,general,-1,ttft_p90,49.972696,1083.9810324832797,95.38989202739847,-95.38989202739847,1034.0083364832797,56.0,H100,1.0,False,0.9,FP16,2.0,2048.0
llmservingsim,/Users/dipanwitaguhathakurta/Downloads/inference-sim-package/sim-to-real-accuracy-validation/vllm_data/ground_truth/56-mixtral-8x7b-tp2-general-2-1,mistralai/Mixtral-8x7B-v0.1,general,-1,ttft_p99,70.08916150000005,1516.901214234532,95.37945115724833,-95.37945115724833,1446.812052734532,56.0,H100,1.0,False,0.9,FP16,2.0,2048.0
llmservingsim,/Users/dipanwitaguhathakurta/Downloads/inference-sim-package/sim-to-real-accuracy-validation/vllm_data/ground_truth/56-mixtral-8x7b-tp2-general-2-1,mistralai/Mixtral-8x7B-v0.1,general,-1,itl_mean,26.32329170930232,29.451604096556668,10.621874370571527,-10.621874370571527,3.128312387254347,56.0,H100,1.0,False,0.9,FP16,2.0,2048.0
llmservingsim,/Users/dipanwitaguhathakurta/Downloads/inference-sim-package/sim-to-real-accuracy-validation/vllm_data/ground_truth/57-codellama-34b-tp2-general-lite-2-1,codellama/CodeLlama-34b-Instruct-hf,general-lite,-1,e2e_mean,3286.8101182921346,3723.448993701657,11.726731751881443,-11.726731751881443,436.6388754095224,57.0,H100,,False,0.9,FP16,2.0,2048.0
llmservingsim,/Users/dipanwitaguhathakurta/Downloads/inference-sim-package/sim-to-real-accuracy-validation/vllm_data/ground_truth/57-codellama-34b-tp2-general-lite-2-1,codellama/CodeLlama-34b-Instruct-hf,general-lite,-1,e2e_p90,3316.7935236000003,3786.7850767448545,12.411360656065066,-12.411360656065066,469.99155314485415,57.0,H100,,False,0.9,FP16,2.0,2048.0
llmservingsim,/Users/dipanwitaguhathakurta/Downloads/inference-sim-package/sim-to-real-accuracy-validation/vllm_data/ground_truth/57-codellama-34b-tp2-general-lite-2-1,codellama/CodeLlama-34b-Instruct-hf,general-lite,-1,e2e_p99,3344.05717512,3828.195651229471,12.64664923680126,-12.64664923680126,484.13847610947096,57.0,H100,,False,0.9,FP16,2.0,2048.0
llmservingsim,/Users/dipanwitaguhathakurta/Downloads/inference-sim-package/sim-to-real-accuracy-validation/vllm_data/ground_truth/57-codellama-34b-tp2-general-lite-2-1,codellama/CodeLlama-34b-Instruct-hf,general-lite,-1,ttft_mean,20.24623153932584,61.66648106988181,67.16817436626168,-67.16817436626168,41.42024953055597,57.0,H100,,False,0.9,FP16,2.0,2048.0
llmservingsim,/Users/dipanwitaguhathakurta/Downloads/inference-sim-package/sim-to-real-accuracy-validation/vllm_data/ground_truth/57-codellama-34b-tp2-general-lite-2-1,codellama/CodeLlama-34b-Instruct-hf,general-lite,-1,ttft_p90,25.9561012,75.8114643394947,65.76230069404171,-65.76230069404171,49.855363139494706,57.0,H100,,False,0.9,FP16,2.0,2048.0
llmservingsim,/Users/dipanwitaguhathakurta/Downloads/inference-sim-package/sim-to-real-accuracy-validation/vllm_data/ground_truth/57-codellama-34b-tp2-general-lite-2-1,codellama/CodeLlama-34b-Instruct-hf,general-lite,-1,ttft_p99,35.75799112000001,86.06028620153664,58.45006715843163,-58.45006715843163,50.302295081536634,57.0,H100,,False,0.9,FP16,2.0,2048.0
llmservingsim,/Users/dipanwitaguhathakurta/Downloads/inference-sim-package/sim-to-real-accuracy-validation/vllm_data/ground_truth/57-codellama-34b-tp2-general-lite-2-1,codellama/CodeLlama-34b-Instruct-hf,general-lite,-1,itl_mean,13.112805314606744,14.714189436804476,10.883264274090438,-10.883264274090438,1.6013841221977303,57.0,H100,,False,0.9,FP16,2.0,2048.0
llmservingsim,/Users/dipanwitaguhathakurta/Downloads/inference-sim-package/sim-to-real-accuracy-validation/vllm_data/ground_truth/58-llama-2-70b-tp4-general-lite-4-1,meta-llama/Llama-2-70b-hf,general-lite,-1,e2e_mean,3568.1271944382015,4309.844921787523,17.20984724066804,-17.20984724066804,741.7177273493216,58.0,H100,,False,0.9,FP16,4.0,2048.0
llmservingsim,/Users/dipanwitaguhathakurta/Downloads/inference-sim-package/sim-to-real-accuracy-validation/vllm_data/ground_truth/58-llama-2-70b-tp4-general-lite-4-1,meta-llama/Llama-2-70b-hf,general-lite,-1,e2e_p90,3628.6230482,4406.046264432371,17.644463302804784,-17.644463302804784,777.4232162323706,58.0,H100,,False,0.9,FP16,4.0,2048.0
llmservingsim,/Users/dipanwitaguhathakurta/Downloads/inference-sim-package/sim-to-real-accuracy-validation/vllm_data/ground_truth/58-llama-2-70b-tp4-general-lite-4-1,meta-llama/Llama-2-70b-hf,general-lite,-1,e2e_p99,3656.89190216,4462.126366831362,18.045980738173807,-18.045980738173807,805.2344646713623,58.0,H100,,False,0.9,FP16,4.0,2048.0
llmservingsim,/Users/dipanwitaguhathakurta/Downloads/inference-sim-package/sim-to-real-accuracy-validation/vllm_data/ground_truth/58-llama-2-70b-tp4-general-lite-4-1,meta-llama/Llama-2-70b-hf,general-lite,-1,ttft_mean,22.86635079775281,77.08324074999176,70.33550928156163,-70.33550928156163,54.21688995223895,58.0,H100,,False,0.9,FP16,4.0,2048.0
llmservingsim,/Users/dipanwitaguhathakurta/Downloads/inference-sim-package/sim-to-real-accuracy-validation/vllm_data/ground_truth/58-llama-2-70b-tp4-general-lite-4-1,meta-llama/Llama-2-70b-hf,general-lite,-1,ttft_p90,28.9559722,91.0130839794874,68.18482471539353,-68.18482471539353,62.0571117794874,58.0,H100,,False,0.9,FP16,4.0,2048.0
llmservingsim,/Users/dipanwitaguhathakurta/Downloads/inference-sim-package/sim-to-real-accuracy-validation/vllm_data/ground_truth/58-llama-2-70b-tp4-general-lite-4-1,meta-llama/Llama-2-70b-hf,general-lite,-1,ttft_p99,35.836286360000024,106.14277221262454,66.23765743727421,-66.23765743727421,70.30648585262452,58.0,H100,,False,0.9,FP16,4.0,2048.0
llmservingsim,/Users/dipanwitaguhathakurta/Downloads/inference-sim-package/sim-to-real-accuracy-validation/vllm_data/ground_truth/58-llama-2-70b-tp4-general-lite-4-1,meta-llama/Llama-2-70b-hf,general-lite,-1,itl_mean,14.48495585393258,19.73785375572987,26.613318584713813,-26.613318584713813,5.25289790179729,58.0,H100,,False,0.9,FP16,4.0,2048.0
llmservingsim,/Users/dipanwitaguhathakurta/Downloads/inference-sim-package/sim-to-real-accuracy-validation/vllm_data/ground_truth/59-qwen3-14b-tp1-general-lite-1-1,Qwen/Qwen3-14B,general-lite,-1,e2e_mean,2833.5810517528093,3114.390858914703,9.016524254112085,-9.016524254112085,280.8098071618938,59.0,H100,,False,0.9,FP16,1.0,2048.0
llmservingsim,/Users/dipanwitaguhathakurta/Downloads/inference-sim-package/sim-to-real-accuracy-validation/vllm_data/ground_truth/59-qwen3-14b-tp1-general-lite-1-1,Qwen/Qwen3-14B,general-lite,-1,e2e_p90,2840.891043,3259.3855733051896,12.839675481560592,-12.839675481560592,418.4945303051895,59.0,H100,,False,0.9,FP16,1.0,2048.0
llmservingsim,/Users/dipanwitaguhathakurta/Downloads/inference-sim-package/sim-to-real-accuracy-validation/vllm_data/ground_truth/59-qwen3-14b-tp1-general-lite-1-1,Qwen/Qwen3-14B,general-lite,-1,e2e_p99,3238.141174680012,3286.205072524026,1.4625958144205988,-1.4625958144205988,48.06389784401381,59.0,H100,,False,0.9,FP16,1.0,2048.0
llmservingsim,/Users/dipanwitaguhathakurta/Downloads/inference-sim-package/sim-to-real-accuracy-validation/vllm_data/ground_truth/59-qwen3-14b-tp1-general-lite-1-1,Qwen/Qwen3-14B,general-lite,-1,ttft_mean,17.435118168539326,51.844097388146274,66.37009988233352,-66.37009988233352,34.40897921960695,59.0,H100,,False,0.9,FP16,1.0,2048.0
llmservingsim,/Users/dipanwitaguhathakurta/Downloads/inference-sim-package/sim-to-real-accuracy-validation/vllm_data/ground_truth/59-qwen3-14b-tp1-general-lite-1-1,Qwen/Qwen3-14B,general-lite,-1,ttft_p90,22.7913038,57.701003551483154,60.50102702344737,-60.50102702344737,34.90969975148315,59.0,H100,,False,0.9,FP16,1.0,2048.0
llmservingsim,/Users/dipanwitaguhathakurta/Downloads/inference-sim-package/sim-to-real-accuracy-validation/vllm_data/ground_truth/59-qwen3-14b-tp1-general-lite-1-1,Qwen/Qwen3-14B,general-lite,-1,ttft_p99,27.656397320000004,88.90642351470869,68.89268938433393,-68.89268938433393,61.25002619470869,59.0,H100,,False,0.9,FP16,1.0,2048.0
llmservingsim,/Users/dipanwitaguhathakurta/Downloads/inference-sim-package/sim-to-real-accuracy-validation/vllm_data/ground_truth/59-qwen3-14b-tp1-general-lite-1-1,Qwen/Qwen3-14B,general-lite,-1,itl_mean,11.291818786516853,12.350133277230892,8.569255626295002,-8.569255626295002,1.0583144907140394,59.0,H100,,False,0.9,FP16,1.0,2048.0
